USE MiMuebleria;

REPLACE INTO 
cliente (NITcliente,NombreCliente,DireccionCliente,Municipio,Departamento)
VALUES 
('12345678','Rolando Quijivix','Colonia el Prado No. 21','Quetzaltenango','Quetzaltenango'),
('94865784','Augusto Lopez','Colonia el Silencio No. 11','Quetzaltenango','Quetzaltenango'),
('94865783','Alberto Gomez','Calle Rodolfo Robles No. 32-12','Quetzaltenango','Quetzaltenango'),
('94865782','Jonathan Figueroa','5ta. calle 15-19 Zona 3','Quetzaltenango','Quetzaltenango'),
('32156545','Alfredo Jimenez','6ta. Av. 1-57 Zona 7','Quetzaltenango','Quetzaltenango'),
('65465487','Roberto Cux','2da. Calle 23-21 Zona 5','Cantel','Quetzaltenango'),
('32154654','Daniela Castro','3ra. Av. 12-12 Zona 4','Quetzaltenango','Quetzaltenango'),
('98465451','Abelino Cotom','1ra. Av. 18-24 Zona 10','Quetzaltenango','Quetzaltenango'),
('13245125','Sofia Lopez','5ta. Calle 23-23 Zona 2','Salcaja','Quetzaltenango'),
('32021201','Paola Martinez','19 Av. 21-10 Zona 3','Quetzaltenango','Quetzaltenango'),
('98465481','Jose Osmundo','6ta. Calle 15-51 Zona 9','Quetzaltenango','Quetzaltenango'),
('32154515','Albertina Cayax','5ta. Av. 1-12 Zona 1','Zunil','Quetzaltenango'),
('32154878','Sucely Prado','Callejon 3B 12-10 Zona 2','Quetzaltenango','Quetzaltenango');

REPLACE INTO 
usuario (Nombre,Password,Tipo,Bloqueado)
VALUES 
('ronald','123456','1','falso'),
('abner','123456','1','falso'),
('fernando','123456','1','falso'),
('danilo','123456','2','falso'),
('alicia','123456','2','falso'),
('marta','123456','2','falso'),
('chavez','123456','3','falso'),
('arturo','123456','3','falso'),
('josefina','123456','3','falso');

REPLACE INTO 
pieza (Tipo,Costo,Cantidad)
VALUES 
('Pata redondeada','60.0','1'),
('Pata redondeada','60.0','1'),
('Pata redondeada','60.0','1'),
('Pata redondeada','60.0','1'),
('Pata redondeada','60.0','1'),
('Pata redondeada','60.0','1'),
('Pata redondeada','60.0','1'),
('Pata redondeada','60.0','1'),
('Pata redondeada','60.0','1'),
('Pata redondeada','60.0','1'),
('Pata redondeada','60.0','1'),
('Pata clasica','30.0','1'),
('Pata clasica','30.0','1'),
('Pata clasica','30.0','1'),
('Pata clasica','30.0','1'),
('Pata clasica','30.0','1'),
('Pata clasica','30.0','1'),
('Pata clasica','30.0','1'),
('Pata clasica','30.0','1'),
('Pata clasica','30.0','1'),
('Pata clasica','30.0','1'),
('Pata clasica','30.0','1'),
('Pata clasica','30.0','1'),
('Pata clasica','30.0','1'),
('Pata clasica','30.0','1'),
('Pata clasica','30.0','1'),
('Pata clasica','30.0','1'),
('Pata clasica','30.0','1'),
('Pata clasica','30.0','1'),
('Pata clasica','30.0','1'),
('Pata clasica','30.0','1'),
('Pata clasica','30.0','1'),
('Pata clasica','30.0','1'),
('Pata clasica','30.0','1'),
('Pata clasica','30.0','1'),
('Pata stirling l','65.0','1'),
('Pata holoway l','85.0','1'),
('Pata cuadrada','50.0','1'),
('Pata cuadrada','50.0','1'),
('Pata cuadrada','50.0','1'),
('Pata cuadrada','50.0','1'),
('Pata cuadrada','50.0','1'),
('Pata cuadrada','50.0','1'),
('Pata cuadrada','50.0','1'),
('Pata cuadrada','50.0','1'),
('Pata cuadrada','50.0','1'),
('Pata cuadrada','50.0','1'),
('Pata cuadrada','50.0','1'),
('Pata cuadrada','50.0','1'),
('Tablero plano','50.0','1'),
('Tablero plano','50.0','1'),
('Tablero plano','50.0','1'),
('Tablero plano','50.0','1'),
('Tablero plano','50.0','1'),
('Tablero plano','50.0','1'),
('Tablero plano','50.0','1'),
('Tablero plano','50.0','1'),
('Tablero plano','50.0','1'),
('Tablero plano','50.0','1'),
('Tablero plano','50.0','1'),
('Tablero plano','50.0','1'),
('Tablero curvo','50.0','1'),
('Tablero curvo','50.0','1'),
('Tablero curvo','50.0','1'),
('Tablero curvo','50.0','1'),
('Tablero curvo','50.0','1'),
('Tablero curvo','50.0','1'),
('Tablero curvo','50.0','1'),
('Tablero curvo','50.0','1'),
('Tablero curvo','50.0','1'),
('Tablero curvo','50.0','1'),
('Tablero curvo','50.0','1'),
('Tablero curvo','50.0','1'),
('Tablero curvo','50.0','1'),
('Tablero curvo','50.0','1'),
('Respaldo catalan','85.0','1'),
('Respaldo catalan','85.0','1'),
('Respaldo catalan','85.0','1'),
('Respaldo catalan','85.0','1'),
('Respaldo catalan','85.0','1'),
('Respaldo catalan','85.0','1'),
('Respaldo clasico','63.0','1'),
('Respaldo clasico','63.0','1'),
('Respaldo clasico','63.0','1'),
('Respaldo clasico','63.0','1'),
('Respaldo clasico','63.0','1'),
('Respaldo clasico','63.0','1'),
('Respaldo clasico','63.0','1'),
('Respaldo clasico','63.0','1'),
('Respaldo clasico','63.0','1'),
('Respaldo clasico','63.0','1'),
('Respaldo clasico','63.0','1'),
('Respaldo clasico','63.0','1'),
('Asiento 2m','73.0','1'),
('Asiento 2m','73.0','1'),
('Asiento 2m','73.0','1'),
('Asiento 2m','73.0','1'),
('Asiento 2m','73.0','1'),
('Asiento 3m','102.0','1'),
('Asiento 3m','102.0','1'),
('Asiento 3m','102.0','1'),
('Asiento 3m','102.0','1'),
('Asiento 3m','102.0','1'),
('Asiento 3m','102.0','1'),
('Asiento 3m','102.0','1'),
('Asiento 3m','102.0','1');

REPLACE INTO 
ensamblepiezas (NombreMueble,Pieza,Cantidad)
VALUES 
('Mesa pata redondeada Tablero plano','Pata redondeada','4'),
('Mesa pata redondeada Tablero plano','Tablero plano','1'),
('Mesa pata cuadrada Tablero plano','Pata cuadrada','4'),
('Mesa pata cuadrada Tablero plano','Tablero plano','1'),
('Mesa pata cuadrada Tablero curvo','Pata cuadrada','4'),
('Mesa pata cuadrada Tablero curvo','Tablero curvo','1'),
('Mesa pata redondeada Tablero curvo','Pata redondeada','4'),
('Mesa pata redondeada Tablero curvo','Tablero curvo','1'),
('Silla alemana Asiento 2m Pata cuadrada','Asiento 2m','1'),
('Silla alemana Asiento 2m Pata cuadrada','Respaldo catalan','1'),
('Silla alemana Asiento 2m Pata cuadrada','Pata cuadrada','4'),
('Silla alemana Asiento 3m Pata redondeada','Asiento 3m','1'),
('Silla alemana Asiento 3m Pata redondeada','Respaldo catalan','1'),
('Silla alemana Asiento 3m Pata redondeada','Pata redondeada','4');

REPLACE INTO 
ensamblarmuebles (IdentificadorMueble,NombreMueble,Usuario,Fecha,Costo,Precio)
VALUES 
('1','Mesa pata redondeada Tablero plano','ronald','2021-05-21','290.0','340.0'),
('2','Mesa pata redondeada Tablero plano','fernando','2021-06-12','290.0','340.0'),
('3','Mesa pata redondeada Tablero curvo','abner','2021-05-08','290.0','340.0'),
('4','Mesa pata redondeada Tablero curvo','abner','2021-06-08','290.0','340.0'),
('5','Mesa pata redondeada Tablero curvo','abner','2021-04-08','290.0','340.0'),
('6','Mesa pata redondeada Tablero curvo','fernando','2021-05-08','290.0','340.0'),
('7','Mesa pata redondeada Tablero curvo','fernando','2021-05-08','290.0','340.0'),
('8','Mesa pata redondeada Tablero curvo','ronald','2021-04-22','290.0','340.0'),
('9','Silla alemana Asiento 2m Pata cuadrada','fernando','2021-03-08','358.0','408.0'),
('10','Silla alemana Asiento 2m Pata cuadrada','abner','2021-03-08','358.0','408.0'),
('11','Silla alemana Asiento 2m Pata cuadrada','abner','2021-02-08','358.0','408.0'),
('12','Silla alemana Asiento 2m Pata cuadrada','fernando','2021-03-08','358.0','408.0'),
('13','Silla alemana Asiento 2m Pata cuadrada','ronald','2021-07-08','358.0','408.0'),
('14','Silla alemana Asiento 3m Pata redondeada','ronald','2021-08-08','427.0','477.0'),
('15','Silla alemana Asiento 3m Pata redondeada','ronald','2021-07-08','427.0','477.0'),
('16','Silla alemana Asiento 3m Pata redondeada','ronald','2021-06-08','427.0','477.0'),
('17','Silla alemana Asiento 3m Pata redondeada','ronald','2021-07-08','427.0','477.0'),
('18','Silla alemana Asiento 3m Pata redondeada','ronald','2021-07-08','427.0','477.0');

REPLACE INTO 
mueblesvendidos (IdentificadorMueble,NombreMueble,Usuario,Costo,Precio,Cantidad,Ganancia,NombreCliente,NITCliente,FechaVenta)
VALUES 
('19','Mesa pata redondeada Tablero curvo','fernando','290.0','340.0','1','50.0','Rolando Quijivix','12345678','2021-06-15'),
('20','Mesa pata redondeada Tablero plano','fernando','290.0','340.0','1','50.0','Roberto Cux','65465487','2021-07-10'),
('21','Mesa pata redondeada Tablero plano','ronald','290.0','340.0','1','50.0','Paola Martinez','32021201','2021-03-25'),
('22','Mesa pata redondeada Tablero plano','ronald','290.0','340.0','1','50.0','Rolando Quijivix','12345678','2021-04-02'),
('23','Silla alemana Asiento 3m Pata redondeada','fernando','427.0','477.0','1','50.0','Rolando Quijivix','12345678','2021-05-18'),
('24','Silla alemana Asiento 2m Pata cuadrada','fernando','358.0','408.0','1','50.0','Abelino Cotom','98465451','2021-07-01'),
('25','Silla alemana Asiento 2m Pata cuadrada','fernando','358.0','408.0','1','50.0','Alberto Gomez','94865783','2021-07-22'),
('26','Silla alemana Asiento 2m Pata cuadrada','ronald','358.0','408.0','1','50.0','Albertina Cayax','32154515','2021-03-29'),
('27','Silla alemana Asiento 3m Pata redondeada','ronald','427.0','477.0','1','50.0','Rolando Quijivix','12345678','2021-02-03'),
('28','Silla alemana Asiento 3m Pata redondeada','fernando','427.0','477.0','1','50.0','Rolando Quijivix','12345678','2021-04-05'),
('29','Silla alemana Asiento 2m Pata cuadrada','ronald','358.0','408.0','1','50.0','Sucely Prado','32154878','2021-05-12'),
('30','Silla alemana Asiento 3m Pata redondeada','abner','427.0','477.0','1','50.0','Alfredo Jimenez','32156545','2021-05-21');



REPLACE INTO 
mueblesdevueltos (IdentificadorMueble,NombreMueble,Cantidad,NombreCliente,NITCliente,FechaDevolucion,Perdida)
VALUES 
('31','Mesa pata redondeada Tablero curvo','1','Rolando Quijivix','12345678','2021-05-02','96.66667'),
('32','Silla alemana Asiento 2m Pata cuadrada','1','Albertina Cayax','32154515','2021-07-14','119.33333'),
('33','Mesa pata redondeada Tablero plano','1','Alberto Gomez','94865783','2021-06-25','96.66667');
